country_code,year,metric_id,value,unit,source_url,source_name,raw_record_id,calculation,notes
CHN,1995,homicide_count,27356.0,count,https://data.unodc.org/,UNODC,ae0995c83337948e,,unodc_source=UNSDC/NSO
CHN,1995,homicide_rate_per_100k,2.24204895736743,per_100k,https://data.unodc.org/,UNODC,adb54159dad21607,,unodc_source=UNSDC/NSO
CHN,1996,homicide_count,25411.0,count,https://data.unodc.org/,UNODC,209ff201e7770da3,,unodc_source=UNSDC/NSO
CHN,1996,homicide_rate_per_100k,2.06434925045202,per_100k,https://data.unodc.org/,UNODC,978c76f65aefe7b7,,unodc_source=UNSDC/NSO
CHN,1997,homicide_count,26070.0,count,https://data.unodc.org/,UNODC,7ac4d013099116ca,,unodc_source=UNSDC/NSO
CHN,1997,homicide_rate_per_100k,2.10048890051469,per_100k,https://data.unodc.org/,UNODC,04354cc1c509eb85,,unodc_source=UNSDC/NSO
CHN,2002,homicide_count,26276.0,count,https://data.unodc.org/,UNODC,406ce2dea3858ed8,,unodc_source=UNSDC/NSO
CHN,2002,homicide_rate_per_100k,2.04185850578199,per_100k,https://data.unodc.org/,UNODC,2adf2277845967db,,unodc_source=UNSDC/NSO
CHN,2003,homicide_count,24393.0,count,https://data.unodc.org/,UNODC,fe05d537c43e70eb,,unodc_source=UNSDC/NSO
CHN,2003,homicide_rate_per_100k,1.88433167405903,per_100k,https://data.unodc.org/,UNODC,5cba552016686764,,unodc_source=UNSDC/NSO
CHN,2004,homicide_count,24711.0,count,https://data.unodc.org/,UNODC,bcfce3e65934e982,,unodc_source=UNSDC/NSO
CHN,2004,homicide_rate_per_100k,1.89778004857568,per_100k,https://data.unodc.org/,UNODC,cf7d190c08c47c90,,unodc_source=UNSDC/NSO
CHN,2005,homicide_count,20770.0,count,https://data.unodc.org/,UNODC,e172cf042d8d152c,,unodc_source=UNSDC/NSO
CHN,2005,homicide_rate_per_100k,1.5854633417248,per_100k,https://data.unodc.org/,UNODC,685162b5cae61ade,,unodc_source=UNSDC/NSO
CHN,2006,homicide_count,17973.0,count,https://data.unodc.org/,UNODC,de8bdb736657b05e,,unodc_source=UNSDC/NSO
CHN,2006,homicide_rate_per_100k,1.3636011505677,per_100k,https://data.unodc.org/,UNODC,8f68f66db7d248a5,,unodc_source=UNSDC/NSO
CHN,2007,homicide_count,16119.0,count,https://data.unodc.org/,UNODC,e3b451f095301a8a,,unodc_source=UNSDC/NSO
CHN,2007,homicide_rate_per_100k,1.21578178296856,per_100k,https://data.unodc.org/,UNODC,b6d066e230951f98,,unodc_source=UNSDC/NSO
CHN,2008,homicide_count,14811.0,count,https://data.unodc.org/,UNODC,127292fef38d1ab7,,unodc_source=UNSDC/NSO
CHN,2008,homicide_rate_per_100k,1.11041885098023,per_100k,https://data.unodc.org/,UNODC,bab10a4579cf9a18,,unodc_source=UNSDC/NSO
CHN,2009,homicide_count,14667.0,count,https://data.unodc.org/,UNODC,54be361515174296,,unodc_source=UNSDC/NSO
CHN,2009,homicide_rate_per_100k,1.09249548072451,per_100k,https://data.unodc.org/,UNODC,ff2953cec40e8851,,unodc_source=UNSDC/NSO
CHN,2010,homicide_count,13410.0,count,https://data.unodc.org/,UNODC,cdda85d0a68031b3,,unodc_source=UNSDC/NSO
CHN,2010,homicide_rate_per_100k,0.992185694923539,per_100k,https://data.unodc.org/,UNODC,7fe7569b36217608,,unodc_source=UNSDC/NSO
CHN,2011,homicide_count,12015.0,count,https://data.unodc.org/,UNODC,5b7038e802038893,,unodc_source=UNSDC/NSO
CHN,2011,homicide_rate_per_100k,0.883293080721741,per_100k,https://data.unodc.org/,UNODC,69195105a0849af6,,unodc_source=UNSDC/NSO
CHN,2012,homicide_count,11286.0,count,https://data.unodc.org/,UNODC,58ba6229d7dd40f6,,unodc_source=UNSDC/NSO
CHN,2012,homicide_rate_per_100k,0.824083830524219,per_100k,https://data.unodc.org/,UNODC,818d5a758bfc6b1a,,unodc_source=UNSDC/NSO
CHN,2013,homicide_count,10640.0,count,https://data.unodc.org/,UNODC,00ffed5ea7704328,,unodc_source=UNSDC/NSO
CHN,2013,homicide_rate_per_100k,0.771569105292682,per_100k,https://data.unodc.org/,UNODC,9288cfec9ec6827c,,unodc_source=UNSDC/NSO
CHN,2014,homicide_count,10083.0,count,https://data.unodc.org/,UNODC,fc1fb68f0ea966a5,,unodc_source=UNSDC/NSO
CHN,2014,homicide_rate_per_100k,0.726466059590713,per_100k,https://data.unodc.org/,UNODC,c31c05e80cf2a996,,unodc_source=UNSDC/NSO
CHN,2015,homicide_count,9200.0,count,https://data.unodc.org/,UNODC,ddecb788edf576ff,,unodc_source=UNSDC/NSO
CHN,2015,homicide_rate_per_100k,0.658962453224414,per_100k,https://data.unodc.org/,UNODC,60b175fb5ddd5b40,,unodc_source=UNSDC/NSO
CHN,2016,homicide_count,8634.0,count,https://data.unodc.org/,UNODC,c32844f8ecc8287d,,unodc_source=UNSDC/NSO
CHN,2016,homicide_rate_per_100k,0.614934212808057,per_100k,https://data.unodc.org/,UNODC,3432baac245e8e09,,unodc_source=UNSDC/NSO
CHN,2017,homicide_count,7990.0,count,https://data.unodc.org/,UNODC,30dfbb7e04fe04b5,,unodc_source=UNSDC/NSO
CHN,2017,homicide_rate_per_100k,0.565721900260259,per_100k,https://data.unodc.org/,UNODC,44523369d07fc2dd,,unodc_source=UNSDC/NSO
CHN,2018,homicide_count,7525.0,count,https://data.unodc.org/,UNODC,7092f4c224264cdd,,unodc_source=UNSDC/NSO
CHN,2018,homicide_rate_per_100k,0.530299683323493,per_100k,https://data.unodc.org/,UNODC,676b852c94536108,,unodc_source=UNSDC/NSO
CHN,2019,homicide_count,7379.0,count,https://data.unodc.org/,UNODC,a773872c505cc65f,,unodc_source=UNSDC/NSO
CHN,2019,homicide_rate_per_100k,0.518362801144556,per_100k,https://data.unodc.org/,UNODC,82808de23a4f75cb,,unodc_source=UNSDC/NSO
CHN,2020,homicide_count,7157.0,count,https://data.unodc.org/,UNODC,a9290025f8246806,,unodc_source=UNSDC/NSO
CHN,2020,homicide_rate_per_100k,0.5018560705357,per_100k,https://data.unodc.org/,UNODC,57eb546e2f0ac120,,unodc_source=UNSDC/NSO
EGY,1990,homicide_count,269.0,count,https://data.unodc.org/,UNODC,0c5cc2f691b18b7d,,unodc_source=UNSDC/CTS/External
EGY,1990,homicide_rate_per_100k,0.460643114640646,per_100k,https://data.unodc.org/,UNODC,409beb67e5d88499,,unodc_source=UNSDC/CTS/External
EGY,1991,homicide_count,288.0,count,https://data.unodc.org/,UNODC,eb337c71a99837d2,,unodc_source=UNSDC/CTS/External
EGY,1991,homicide_rate_per_100k,0.479768132059843,per_100k,https://data.unodc.org/,UNODC,333f3dcf508e83be,,unodc_source=UNSDC/CTS/External
EGY,1992,homicide_count,276.0,count,https://data.unodc.org/,UNODC,6468bdf65f76b53c,,unodc_source=UNSDC/CTS/External
EGY,1992,homicide_rate_per_100k,0.448921657242118,per_100k,https://data.unodc.org/,UNODC,f07b5da7f95c803d,,unodc_source=UNSDC/CTS/External
EGY,1993,homicide_count,244.0,count,https://data.unodc.org/,UNODC,98f6de6112789c52,,unodc_source=UNSDC/CTS/External
EGY,1993,homicide_rate_per_100k,0.387820648304042,per_100k,https://data.unodc.org/,UNODC,441829647543a635,,unodc_source=UNSDC/CTS/External
EGY,1994,homicide_count,231.0,count,https://data.unodc.org/,UNODC,5ed0ed971e07f420,,unodc_source=UNSDC/CTS/External
EGY,1994,homicide_rate_per_100k,0.359334033635439,per_100k,https://data.unodc.org/,UNODC,7dbfde7ba50774b3,,unodc_source=UNSDC/CTS/External
EGY,2003,homicide_count,471.0,count,https://data.unodc.org/,UNODC,3846577da30b4f71,,unodc_source=UNSDC/CTS/External
EGY,2003,homicide_rate_per_100k,0.604982061960747,per_100k,https://data.unodc.org/,UNODC,8cf401fd1c4f938c,,unodc_source=UNSDC/CTS/External
EGY,2004,homicide_count,322.0,count,https://data.unodc.org/,UNODC,c1f488858385c1a1,,unodc_source=UNSDC/CTS/External
EGY,2004,homicide_rate_per_100k,0.405146398550175,per_100k,https://data.unodc.org/,UNODC,4ee7310add7c5bb8,,unodc_source=UNSDC/CTS/External
EGY,2005,homicide_count,522.0,count,https://data.unodc.org/,UNODC,e5fd272da8383780,,unodc_source=UNSDC/CTS/External
EGY,2005,homicide_rate_per_100k,0.643641850868097,per_100k,https://data.unodc.org/,UNODC,f9a123c88bcedca0,,unodc_source=UNSDC/CTS/External
EGY,2006,homicide_count,549.0,count,https://data.unodc.org/,UNODC,406c29ed72ebcbd4,,unodc_source=UNSDC/CTS/External
EGY,2006,homicide_rate_per_100k,0.663841988774831,per_100k,https://data.unodc.org/,UNODC,9d8f7bf1a8997a85,,unodc_source=UNSDC/CTS/External
EGY,2007,homicide_count,680.0,count,https://data.unodc.org/,UNODC,b6e2e1686bcb8015,,unodc_source=UNSDC/CTS/External
EGY,2007,homicide_rate_per_100k,0.806870502327317,per_100k,https://data.unodc.org/,UNODC,589891e243edb30c,,unodc_source=UNSDC/CTS/External
EGY,2008,homicide_count,967.0,count,https://data.unodc.org/,UNODC,61d3c5c8349cb3d8,,unodc_source=UNSDC/CTS/External
EGY,2008,homicide_rate_per_100k,1.12618921636092,per_100k,https://data.unodc.org/,UNODC,3de393c45fd1d4db,,unodc_source=UNSDC/CTS/External
EGY,2009,homicide_count,912.0,count,https://data.unodc.org/,UNODC,6996bbc2b5d49a62,,unodc_source=UNSDC/CTS/External
EGY,2009,homicide_rate_per_100k,1.04226623284087,per_100k,https://data.unodc.org/,UNODC,d3730cb34f97ce89,,unodc_source=UNSDC/CTS/External
EGY,2010,homicide_count,1839.0,count,https://data.unodc.org/,UNODC,db82084476ee8796,,unodc_source=UNSDC/CTS/External
EGY,2010,homicide_rate_per_100k,2.06174997223112,per_100k,https://data.unodc.org/,UNODC,139071c61699f6b6,,unodc_source=UNSDC/CTS/External
EGY,2011,homicide_count,2703.0,count,https://data.unodc.org/,UNODC,cfc51fd5e6b80b4a,,unodc_source=UNSDC/CTS/External
EGY,2011,homicide_rate_per_100k,2.96729523596304,per_100k,https://data.unodc.org/,UNODC,cac9e75509070cdc,,unodc_source=UNSDC/CTS/External
EGY,2012,homicide_count,2207.0,count,https://data.unodc.org/,UNODC,82be1aa6e164c376,,unodc_source=UNSDC/CTS/External
EGY,2012,homicide_rate_per_100k,2.36901703981789,per_100k,https://data.unodc.org/,UNODC,6c96a98019db518e,,unodc_source=UNSDC/CTS/External
EGY,2014,homicide_count,2890.0,count,https://data.unodc.org/,UNODC,aa82ae4e3519a854,,unodc_source=UNSDC/CTS/External
EGY,2014,homicide_rate_per_100k,2.96323170829365,per_100k,https://data.unodc.org/,UNODC,652f4879a8b1e930,,unodc_source=UNSDC/CTS/External
EGY,2015,homicide_count,1711.0,count,https://data.unodc.org/,UNODC,ec6f3921ddc48202,,unodc_source=UNSDC/CTS/External
EGY,2015,homicide_rate_per_100k,1.71791733156895,per_100k,https://data.unodc.org/,UNODC,ad27f41ef910815b,,unodc_source=UNSDC/CTS/External
EGY,2016,homicide_count,1532.0,count,https://data.unodc.org/,UNODC,719a3ca3a428bade,,unodc_source=UNSDC/CTS/External
EGY,2016,homicide_rate_per_100k,1.50721254822527,per_100k,https://data.unodc.org/,UNODC,6f0d3691746e16ba,,unodc_source=UNSDC/CTS/External
EGY,2017,homicide_count,1360.0,count,https://data.unodc.org/,UNODC,be7c88a5000a81f6,,unodc_source=UNSDC/CTS/External
EGY,2017,homicide_rate_per_100k,1.31152527182627,per_100k,https://data.unodc.org/,UNODC,0a048355dce4b71a,,unodc_source=UNSDC/CTS/External
ETH,2012,homicide_count,8153.0,count,https://data.unodc.org/,UNODC,df781555e8e5e3dd,,unodc_source=GOV Adjusted
ETH,2012,homicide_rate_per_100k,8.51054794891045,per_100k,https://data.unodc.org/,UNODC,1ffea2ce866ac6ce,,unodc_source=GOV Adjusted
IND,1990,homicide_count,44162.0,count,https://data.unodc.org/,UNODC,4a8944947db41c51,,unodc_source=MoI/NCRB India
IND,1990,homicide_rate_per_100k,5.10559748651998,per_100k,https://data.unodc.org/,UNODC,f4be54bc1a849c6d,,unodc_source=MoI/NCRB India
IND,1991,homicide_count,48574.0,count,https://data.unodc.org/,UNODC,3432fbb27fce452b,,unodc_source=MoI/NCRB India
IND,1991,homicide_rate_per_100k,5.49524644015231,per_100k,https://data.unodc.org/,UNODC,90442446abeaa6b2,,unodc_source=MoI/NCRB India
IND,1992,homicide_count,49688.0,count,https://data.unodc.org/,UNODC,16d4553a222f252e,,unodc_source=MoI/NCRB India
IND,1992,homicide_rate_per_100k,5.50280867727189,per_100k,https://data.unodc.org/,UNODC,6d74e350be61f2d9,,unodc_source=MoI/NCRB India
IND,1993,homicide_count,47947.0,count,https://data.unodc.org/,UNODC,d7c55e6edf8f7c48,,unodc_source=MoI/NCRB India
IND,1993,homicide_rate_per_100k,5.19965773114987,per_100k,https://data.unodc.org/,UNODC,7aa37d15609d867d,,unodc_source=MoI/NCRB India
IND,1994,homicide_count,47458.0,count,https://data.unodc.org/,UNODC,6084fed10f74633f,,unodc_source=MoI/NCRB India
IND,1994,homicide_rate_per_100k,5.04248055851768,per_100k,https://data.unodc.org/,UNODC,8a1a889fa96232bf,,unodc_source=MoI/NCRB India
IND,1995,homicide_count,46386.0,count,https://data.unodc.org/,UNODC,05f1b604b5854810,,unodc_source=MoI/NCRB India
IND,1995,homicide_rate_per_100k,4.83036026191718,per_100k,https://data.unodc.org/,UNODC,990810bdc3ea5fe8,,unodc_source=MoI/NCRB India
IND,1996,homicide_count,46912.0,count,https://data.unodc.org/,UNODC,bbb0742f36d69ef5,,unodc_source=MoI/NCRB India
IND,1996,homicide_rate_per_100k,4.7885099027111,per_100k,https://data.unodc.org/,UNODC,2e09379b93ef8d7b,,unodc_source=MoI/NCRB India
IND,1997,homicide_count,47418.0,count,https://data.unodc.org/,UNODC,4eb1b7a2455e2c40,,unodc_source=MoI/NCRB India
IND,1997,homicide_rate_per_100k,4.74591109090452,per_100k,https://data.unodc.org/,UNODC,f7f6931b774d7aa7,,unodc_source=MoI/NCRB India
IND,1998,homicide_count,49292.0,count,https://data.unodc.org/,UNODC,3c7f8d2c3bfb1a1c,,unodc_source=MoI/NCRB India
IND,1998,homicide_rate_per_100k,4.83888188255162,per_100k,https://data.unodc.org/,UNODC,51075522fa85697a,,unodc_source=MoI/NCRB India
IND,1999,homicide_count,47781.0,count,https://data.unodc.org/,UNODC,2b8c82b6c888d486,,unodc_source=MoI/NCRB India
IND,1999,homicide_rate_per_100k,4.60217795989072,per_100k,https://data.unodc.org/,UNODC,52d63ce1601be6f1,,unodc_source=MoI/NCRB India
IND,2000,homicide_count,48167.0,count,https://data.unodc.org/,UNODC,5d94ee135762872a,,unodc_source=MoI/NCRB India
IND,2000,homicide_rate_per_100k,4.55297901231507,per_100k,https://data.unodc.org/,UNODC,d07f0a319546edde,,unodc_source=MoI/NCRB India
IND,2001,homicide_count,46420.0,count,https://data.unodc.org/,UNODC,097cf5601d8825fc,,unodc_source=MoI/NCRB India
IND,2001,homicide_rate_per_100k,4.30652763410509,per_100k,https://data.unodc.org/,UNODC,5149ea60b920fa3e,,unodc_source=MoI/NCRB India
IND,2002,homicide_count,45736.0,count,https://data.unodc.org/,UNODC,70623c5f2f369101,,unodc_source=MoI/NCRB India
IND,2002,homicide_rate_per_100k,4.16690817646815,per_100k,https://data.unodc.org/,UNODC,11ae6a06de9becdf,,unodc_source=MoI/NCRB India
IND,2003,homicide_count,44331.0,count,https://data.unodc.org/,UNODC,30d69be49a1cf280,,unodc_source=MoI/NCRB India
IND,2003,homicide_rate_per_100k,3.96945564811633,per_100k,https://data.unodc.org/,UNODC,2e28fbaf6def6e53,,unodc_source=MoI/NCRB India
IND,2004,homicide_count,46490.0,count,https://data.unodc.org/,UNODC,5697b27fabc11a9e,,unodc_source=MoI/NCRB India
IND,2004,homicide_rate_per_100k,4.09246015023157,per_100k,https://data.unodc.org/,UNODC,0283251f1ea099a3,,unodc_source=MoI/NCRB India
IND,2005,homicide_count,45095.0,count,https://data.unodc.org/,UNODC,ec2bdabe15795552,,unodc_source=MoI/NCRB India
IND,2005,homicide_rate_per_100k,3.9054234629053,per_100k,https://data.unodc.org/,UNODC,e991a508a49405e3,,unodc_source=MoI/NCRB India
IND,2006,homicide_count,44961.0,count,https://data.unodc.org/,UNODC,ca97cca9c2bfeed7,,unodc_source=MoI/NCRB India
IND,2006,homicide_rate_per_100k,3.83338811896998,per_100k,https://data.unodc.org/,UNODC,faf1c94992e39b2f,,unodc_source=MoI/NCRB India
IND,2007,homicide_count,45362.0,count,https://data.unodc.org/,UNODC,4293b6153e1a088a,,unodc_source=MoI/NCRB India
IND,2007,homicide_rate_per_100k,3.80976850285027,per_100k,https://data.unodc.org/,UNODC,79f1107342efbad4,,unodc_source=MoI/NCRB India
IND,2008,homicide_count,45999.0,count,https://data.unodc.org/,UNODC,a3e5787d8acd09e3,,unodc_source=MoI/NCRB India
IND,2008,homicide_rate_per_100k,3.80808186808269,per_100k,https://data.unodc.org/,UNODC,569b4e54685ecbc5,,unodc_source=MoI/NCRB India
IND,2009,homicide_count,45824.0,count,https://data.unodc.org/,UNODC,afdb3f95d9684f8a,,unodc_source=MoI/NCRB India
IND,2009,homicide_rate_per_100k,3.7391329622536,per_100k,https://data.unodc.org/,UNODC,27a00efb443e029c,,unodc_source=MoI/NCRB India
IND,2010,homicide_count,46460.0,count,https://data.unodc.org/,UNODC,c1dab708baab5822,,unodc_source=MoI/NCRB India
IND,2010,homicide_rate_per_100k,3.73628378136533,per_100k,https://data.unodc.org/,UNODC,e1819e82520a4071,,unodc_source=MoI/NCRB India
IND,2011,homicide_count,47640.0,count,https://data.unodc.org/,UNODC,4b2e083534b24208,,unodc_source=MoI/NCRB India
IND,2011,homicide_rate_per_100k,3.77728016164146,per_100k,https://data.unodc.org/,UNODC,2c5e2d347726352d,,unodc_source=MoI/NCRB India
IND,2012,homicide_count,47478.0,count,https://data.unodc.org/,UNODC,a407868c1cb5b060,,unodc_source=MoI/NCRB India
IND,2012,homicide_rate_per_100k,3.71306379435684,per_100k,https://data.unodc.org/,UNODC,03d22c70b937328a,,unodc_source=MoI/NCRB India
IND,2013,homicide_count,45878.0,count,https://data.unodc.org/,UNODC,acee6223425f87b3,,unodc_source=MoI/NCRB India
IND,2013,homicide_rate_per_100k,3.54043488192346,per_100k,https://data.unodc.org/,UNODC,44cddaf01590e588,,unodc_source=MoI/NCRB India
IND,2014,homicide_count,47356.0,count,https://data.unodc.org/,UNODC,54fd458e203f43af,,unodc_source=MoI/NCRB India
IND,2014,homicide_rate_per_100k,3.60868879736221,per_100k,https://data.unodc.org/,UNODC,9c12fe65c6605ad9,,unodc_source=MoI/NCRB India
IND,2015,homicide_count,44373.0,count,https://data.unodc.org/,UNODC,9f352c44d276b353,,unodc_source=MoI/NCRB India
IND,2015,homicide_rate_per_100k,3.341278725169,per_100k,https://data.unodc.org/,UNODC,f5f30d9ab13b30dd,,unodc_source=MoI/NCRB India
IND,2016,homicide_count,42320.0,count,https://data.unodc.org/,UNODC,a94d514ebd70e8ab,,unodc_source=MoI/NCRB India
IND,2016,homicide_rate_per_100k,3.14894003612781,per_100k,https://data.unodc.org/,UNODC,9a0ff53c3160f922,,unodc_source=MoI/NCRB India
IND,2017,homicide_count,41832.0,count,https://data.unodc.org/,UNODC,824bb1b5aa84bfaf,,unodc_source=MoI/NCRB India
IND,2017,homicide_rate_per_100k,3.07665739913599,per_100k,https://data.unodc.org/,UNODC,bd2b3f1fb98c7658,,unodc_source=MoI/NCRB India
IND,2018,homicide_count,41651.0,count,https://data.unodc.org/,UNODC,7739d21b277da705,,unodc_source=MoI/NCRB India
IND,2018,homicide_rate_per_100k,3.0299149142336,per_100k,https://data.unodc.org/,UNODC,34adfd6972950fcb,,unodc_source=MoI/NCRB India
IND,2019,homicide_count,40976.0,count,https://data.unodc.org/,UNODC,2fd3078d92ca4fb5,,unodc_source=MoI/NCRB India
IND,2019,homicide_rate_per_100k,2.94997162020176,per_100k,https://data.unodc.org/,UNODC,8d521a9b5504f34f,,unodc_source=MoI/NCRB India
IND,2020,homicide_count,41171.0,count,https://data.unodc.org/,UNODC,35ef1b64c539d9b5,,unodc_source=MoI/NCRB India
IND,2020,homicide_rate_per_100k,2.93529734667461,per_100k,https://data.unodc.org/,UNODC,4978873a8545c159,,unodc_source=MoI/NCRB India
IND,2021,homicide_count,41330.0,count,https://data.unodc.org/,UNODC,8ca3056e266bf985,,unodc_source=MoI/NCRB India
IND,2021,homicide_rate_per_100k,2.92249230234054,per_100k,https://data.unodc.org/,UNODC,05be9015ddee8725,,unodc_source=MoI/NCRB India
IND,2022,homicide_count,40130.0,count,https://data.unodc.org/,UNODC,6a9253c84415815c,,unodc_source=MoI/NCRB India
IND,2022,homicide_rate_per_100k,2.81530423021647,per_100k,https://data.unodc.org/,UNODC,e78de5e486635172,,unodc_source=MoI/NCRB India
IRN,2009,homicide_count,2215.0,count,https://data.unodc.org/,UNODC,b60a32da617f4409,,unodc_source=NSO/MD
IRN,2009,homicide_rate_per_100k,2.89702198565026,per_100k,https://data.unodc.org/,UNODC,9e1531633b9ef3c0,,unodc_source=NSO/MD
IRN,2013,homicide_count,2037.0,count,https://data.unodc.org/,UNODC,0029678e6ca38608,,unodc_source=NSO/MD
IRN,2013,homicide_rate_per_100k,2.53311940143072,per_100k,https://data.unodc.org/,UNODC,5b4d8a18667d66c5,,unodc_source=NSO/MD
IRN,2014,homicide_count,1936.0,count,https://data.unodc.org/,UNODC,c869c5b0e475e696,,unodc_source=NSO/MD
IRN,2014,homicide_rate_per_100k,2.37540050451863,per_100k,https://data.unodc.org/,UNODC,9dc1daed2ac6b86e,,unodc_source=NSO/MD
ISR,1990,homicide_count,147.0,count,https://data.unodc.org/,UNODC,ae466cc728059862,,unodc_source=UNSDC/NSO/SDG/CTS
ISR,1990,homicide_rate_per_100k,3.23432414396571,per_100k,https://data.unodc.org/,UNODC,a37ac6ed2e89ac7c,,unodc_source=UNSDC/NSO/SDG/CTS
ISR,1991,homicide_count,112.0,count,https://data.unodc.org/,UNODC,6a7bf9207fe3b69e,,unodc_source=UNSDC/NSO/SDG/CTS
ISR,1991,homicide_rate_per_100k,2.3431504012802,per_100k,https://data.unodc.org/,UNODC,b674fa0f7935f849,,unodc_source=UNSDC/NSO/SDG/CTS
ISR,1992,homicide_count,149.0,count,https://data.unodc.org/,UNODC,fdc36933c72367ae,,unodc_source=UNSDC/NSO/SDG/CTS
ISR,1992,homicide_rate_per_100k,3.00570599999435,per_100k,https://data.unodc.org/,UNODC,d2534564c7400608,,unodc_source=UNSDC/NSO/SDG/CTS
ISR,1993,homicide_count,141.0,count,https://data.unodc.org/,UNODC,489adfee8a868933,,unodc_source=UNSDC/NSO/SDG/CTS
ISR,1993,homicide_rate_per_100k,2.77229163328284,per_100k,https://data.unodc.org/,UNODC,4bd2bd3f5b09b2fa,,unodc_source=UNSDC/NSO/SDG/CTS
ISR,1994,homicide_count,140.0,count,https://data.unodc.org/,UNODC,54e3de41c388a25f,,unodc_source=UNSDC/NSO/SDG/CTS
ISR,1994,homicide_rate_per_100k,2.68368917933648,per_100k,https://data.unodc.org/,UNODC,3d364d0a3efd1f65,,unodc_source=UNSDC/NSO/SDG/CTS
ISR,1995,homicide_count,112.0,count,https://data.unodc.org/,UNODC,9555219ab5ed834d,,unodc_source=UNSDC/NSO/SDG/CTS
ISR,1995,homicide_rate_per_100k,2.09160540706143,per_100k,https://data.unodc.org/,UNODC,c7617e084b6ba99a,,unodc_source=UNSDC/NSO/SDG/CTS
ISR,1996,homicide_count,117.0,count,https://data.unodc.org/,UNODC,a9098d416054cb19,,unodc_source=UNSDC/NSO/SDG/CTS
ISR,1996,homicide_rate_per_100k,2.12744621084101,per_100k,https://data.unodc.org/,UNODC,5f94912ae830808d,,unodc_source=UNSDC/NSO/SDG/CTS
ISR,1997,homicide_count,156.0,count,https://data.unodc.org/,UNODC,abfe937e2b81a8a0,,unodc_source=UNSDC/NSO/SDG/CTS
ISR,1997,homicide_rate_per_100k,2.7627866103318,per_100k,https://data.unodc.org/,UNODC,56bcd3006c9186d5,,unodc_source=UNSDC/NSO/SDG/CTS
ISR,1998,homicide_count,147.0,count,https://data.unodc.org/,UNODC,84085dc662694dc1,,unodc_source=UNSDC/NSO/SDG/CTS
ISR,1998,homicide_rate_per_100k,2.53879871643864,per_100k,https://data.unodc.org/,UNODC,b387a7bdefd1d8ce,,unodc_source=UNSDC/NSO/SDG/CTS
ISR,1999,homicide_count,137.0,count,https://data.unodc.org/,UNODC,638984499c4f780e,,unodc_source=UNSDC/NSO/SDG/CTS
ISR,1999,homicide_rate_per_100k,2.30403876974084,per_100k,https://data.unodc.org/,UNODC,697aa75d2eab48c4,,unodc_source=UNSDC/NSO/SDG/CTS
ISR,2000,homicide_count,154.0,count,https://data.unodc.org/,UNODC,0fc527f932106bbc,,unodc_source=UNSDC/NSO/SDG/CTS
ISR,2000,homicide_rate_per_100k,2.51996726333437,per_100k,https://data.unodc.org/,UNODC,b2ab511159cd3afc,,unodc_source=UNSDC/NSO/SDG/CTS
ISR,2001,homicide_count,193.0,count,https://data.unodc.org/,UNODC,a73a9719b313628a,,unodc_source=UNSDC/NSO/SDG/CTS
ISR,2001,homicide_rate_per_100k,3.0830759577264,per_100k,https://data.unodc.org/,UNODC,7f36f6fd2cf08e70,,unodc_source=UNSDC/NSO/SDG/CTS
ISR,2002,homicide_count,208.0,count,https://data.unodc.org/,UNODC,c8981deed4b02c18,,unodc_source=UNSDC/NSO/SDG/CTS
ISR,2002,homicide_rate_per_100k,3.2562481805909,per_100k,https://data.unodc.org/,UNODC,a8c10358f9367202,,unodc_source=UNSDC/NSO/SDG/CTS
ISR,2003,homicide_count,171.0,count,https://data.unodc.org/,UNODC,0ffc2811e6876b83,,unodc_source=UNSDC/NSO/SDG/CTS
ISR,2003,homicide_rate_per_100k,2.62962837661199,per_100k,https://data.unodc.org/,UNODC,3975d62b32ee882b,,unodc_source=UNSDC/NSO/SDG/CTS
ISR,2004,homicide_count,159.0,count,https://data.unodc.org/,UNODC,d55d5220ea85e09d,,unodc_source=UNSDC/NSO/SDG/CTS
ISR,2004,homicide_rate_per_100k,2.40359632431166,per_100k,https://data.unodc.org/,UNODC,a90529e2b0feacd3,,unodc_source=UNSDC/NSO/SDG/CTS
ISR,2005,homicide_count,169.0,count,https://data.unodc.org/,UNODC,6f5702016913aa0d,,unodc_source=UNSDC/NSO/SDG/CTS
ISR,2005,homicide_rate_per_100k,2.51181369892658,per_100k,https://data.unodc.org/,UNODC,0aabdf0a72e99ab7,,unodc_source=UNSDC/NSO/SDG/CTS
ISR,2006,homicide_count,153.0,count,https://data.unodc.org/,UNODC,d6d3dc0363aeb0c6,,unodc_source=UNSDC/NSO/SDG/CTS
ISR,2006,homicide_rate_per_100k,2.23552448582389,per_100k,https://data.unodc.org/,UNODC,d4686606c8395658,,unodc_source=UNSDC/NSO/SDG/CTS
ISR,2007,homicide_count,135.0,count,https://data.unodc.org/,UNODC,cead50add4785c47,,unodc_source=UNSDC/NSO/SDG/CTS
ISR,2007,homicide_rate_per_100k,1.93897123931142,per_100k,https://data.unodc.org/,UNODC,8d403c6cb10901b7,,unodc_source=UNSDC/NSO/SDG/CTS
ISR,2008,homicide_count,120.0,count,https://data.unodc.org/,UNODC,5437cf16630a38b6,,unodc_source=UNSDC/NSO/SDG/CTS
ISR,2008,homicide_rate_per_100k,1.69428815224534,per_100k,https://data.unodc.org/,UNODC,bdbf8e34588f9cd4,,unodc_source=UNSDC/NSO/SDG/CTS
ISR,2009,homicide_count,144.0,count,https://data.unodc.org/,UNODC,4c98826f7703b2da,,unodc_source=UNSDC/NSO/SDG/CTS
ISR,2009,homicide_rate_per_100k,1.99830809914273,per_100k,https://data.unodc.org/,UNODC,7827dce0dac86422,,unodc_source=UNSDC/NSO/SDG/CTS
ISR,2010,homicide_count,150.0,count,https://data.unodc.org/,UNODC,185bf9d0e2613794,,unodc_source=UNSDC/NSO/SDG/CTS
ISR,2010,homicide_rate_per_100k,2.04450617338639,per_100k,https://data.unodc.org/,UNODC,786d6c6876c17ee9,,unodc_source=UNSDC/NSO/SDG/CTS
ISR,2011,homicide_count,147.0,count,https://data.unodc.org/,UNODC,77f77e55d9d186a7,,unodc_source=UNSDC/NSO/SDG/CTS
ISR,2011,homicide_rate_per_100k,1.9676021588745,per_100k,https://data.unodc.org/,UNODC,724eba0fd33b72b1,,unodc_source=UNSDC/NSO/SDG/CTS
ISR,2012,homicide_count,128.0,count,https://data.unodc.org/,UNODC,ac59c0e75127469f,,unodc_source=UNSDC/NSO/SDG/CTS
ISR,2012,homicide_rate_per_100k,1.68248807914477,per_100k,https://data.unodc.org/,UNODC,32a4e2d57a3c9daf,,unodc_source=UNSDC/NSO/SDG/CTS
ISR,2013,homicide_count,131.0,count,https://data.unodc.org/,UNODC,116534ed1c04aee0,,unodc_source=UNSDC/NSO/SDG/CTS
ISR,2013,homicide_rate_per_100k,1.69045803541161,per_100k,https://data.unodc.org/,UNODC,6d5baba01759b5c7,,unodc_source=UNSDC/NSO/SDG/CTS
ISR,2014,homicide_count,129.0,count,https://data.unodc.org/,UNODC,07fdb652ebbe74d4,,unodc_source=UNSDC/NSO/SDG/CTS
ISR,2014,homicide_rate_per_100k,1.63349469475113,per_100k,https://data.unodc.org/,UNODC,009112f8d29d5bfa,,unodc_source=UNSDC/NSO/SDG/CTS
ISR,2015,homicide_count,120.0,count,https://data.unodc.org/,UNODC,d223ca4e5ccd52b9,,unodc_source=UNSDC/NSO/SDG/CTS
ISR,2015,homicide_rate_per_100k,1.49014483400625,per_100k,https://data.unodc.org/,UNODC,59d3a34e4dad84d6,,unodc_source=UNSDC/NSO/SDG/CTS
ISR,2016,homicide_count,110.0,count,https://data.unodc.org/,UNODC,d1cb69dee2e14cf5,,unodc_source=UNSDC/NSO/SDG/CTS
ISR,2016,homicide_rate_per_100k,1.33982857867757,per_100k,https://data.unodc.org/,UNODC,1a773ac2ac23b4ec,,unodc_source=UNSDC/NSO/SDG/CTS
ISR,2017,homicide_count,136.0,count,https://data.unodc.org/,UNODC,8ad61a86d161b9eb,,unodc_source=UNSDC/NSO/SDG/CTS
ISR,2017,homicide_rate_per_100k,1.62644474784814,per_100k,https://data.unodc.org/,UNODC,d13038aba4cd0d94,,unodc_source=UNSDC/NSO/SDG/CTS
ISR,2018,homicide_count,124.0,count,https://data.unodc.org/,UNODC,64c5b0349ffb14c5,,unodc_source=UNSDC/NSO/SDG/CTS
ISR,2018,homicide_rate_per_100k,1.45709789694358,per_100k,https://data.unodc.org/,UNODC,af1e69ab52d12a9f,,unodc_source=UNSDC/NSO/SDG/CTS
ISR,2019,homicide_count,142.0,count,https://data.unodc.org/,UNODC,1ef4e94fc7138bbb,,unodc_source=UNSDC/NSO/SDG/CTS
ISR,2019,homicide_rate_per_100k,1.6402012873501,per_100k,https://data.unodc.org/,UNODC,cfd16f33e3e6b66b,,unodc_source=UNSDC/NSO/SDG/CTS
ISR,2020,homicide_count,147.0,count,https://data.unodc.org/,UNODC,161b030755818916,,unodc_source=UNSDC/NSO/SDG/CTS
ISR,2020,homicide_rate_per_100k,1.67038317453709,per_100k,https://data.unodc.org/,UNODC,1e1dc14a87ce4dfd,,unodc_source=UNSDC/NSO/SDG/CTS
ISR,2021,homicide_count,173.0,count,https://data.unodc.org/,UNODC,e7a1bc76b3ffc8e3,,unodc_source=UNSDC/NSO/SDG/CTS
ISR,2021,homicide_rate_per_100k,1.9344902218508,per_100k,https://data.unodc.org/,UNODC,cc08e5087ab55bcb,,unodc_source=UNSDC/NSO/SDG/CTS
ISR,2022,homicide_count,148.0,count,https://data.unodc.org/,UNODC,46bcef71a9b9d31e,,unodc_source=UNSDC/NSO/SDG/CTS
ISR,2022,homicide_rate_per_100k,1.62581066709758,per_100k,https://data.unodc.org/,UNODC,4a2758f895ea5ce6,,unodc_source=UNSDC/NSO/SDG/CTS
PAK,1990,homicide_count,8209.0,count,https://data.unodc.org/,UNODC,1e95bd23794750bf,,unodc_source=UNSDC/NSO/NP/CTS
PAK,1990,homicide_rate_per_100k,7.06724574289916,per_100k,https://data.unodc.org/,UNODC,7436f2c1d2b05079,,unodc_source=UNSDC/NSO/NP/CTS
PAK,1996,homicide_count,9062.0,count,https://data.unodc.org/,UNODC,6a1da36552283ce8,,unodc_source=UNSDC/NSO/NP/CTS
PAK,1996,homicide_rate_per_100k,6.54026430686155,per_100k,https://data.unodc.org/,UNODC,b86c92c02fc18b06,,unodc_source=UNSDC/NSO/NP/CTS
PAK,1997,homicide_count,9304.0,count,https://data.unodc.org/,UNODC,cb2f47575f5e3c3d,,unodc_source=UNSDC/NSO/NP/CTS
PAK,1997,homicide_rate_per_100k,6.52766592359976,per_100k,https://data.unodc.org/,UNODC,73297e4c74976843,,unodc_source=UNSDC/NSO/NP/CTS
PAK,1998,homicide_count,10246.0,count,https://data.unodc.org/,UNODC,71c87c6fc641b8f1,,unodc_source=UNSDC/NSO/NP/CTS
PAK,1998,homicide_rate_per_100k,6.99278957469395,per_100k,https://data.unodc.org/,UNODC,fc542f37a220a0a1,,unodc_source=UNSDC/NSO/NP/CTS
PAK,1999,homicide_count,9332.0,count,https://data.unodc.org/,UNODC,ab17f2ac3ecefc2f,,unodc_source=UNSDC/NSO/NP/CTS
PAK,1999,homicide_rate_per_100k,6.19797206100045,per_100k,https://data.unodc.org/,UNODC,69a6142ecf197c2b,,unodc_source=UNSDC/NSO/NP/CTS
PAK,2000,homicide_count,8906.0,count,https://data.unodc.org/,UNODC,e934a3888537e090,,unodc_source=UNSDC/NSO/NP/CTS
PAK,2000,homicide_rate_per_100k,5.75029069524098,per_100k,https://data.unodc.org/,UNODC,a54ea537cf7750a9,,unodc_source=UNSDC/NSO/NP/CTS
PAK,2001,homicide_count,9593.0,count,https://data.unodc.org/,UNODC,ad7e4e9742037f62,,unodc_source=UNSDC/NSO/NP/CTS
PAK,2001,homicide_rate_per_100k,6.02307111869464,per_100k,https://data.unodc.org/,UNODC,6895f42d4ef2e929,,unodc_source=UNSDC/NSO/NP/CTS
PAK,2002,homicide_count,9466.0,count,https://data.unodc.org/,UNODC,b8f0270e234688a2,,unodc_source=UNSDC/NSO/NP/CTS
PAK,2002,homicide_rate_per_100k,5.79944378334808,per_100k,https://data.unodc.org/,UNODC,abb843a2a8c4959c,,unodc_source=UNSDC/NSO/NP/CTS
PAK,2003,homicide_count,9346.0,count,https://data.unodc.org/,UNODC,ada7d3d905c25b77,,unodc_source=UNSDC/NSO/NP/CTS
PAK,2003,homicide_rate_per_100k,5.59271505599106,per_100k,https://data.unodc.org/,UNODC,83613233024563b8,,unodc_source=UNSDC/NSO/NP/CTS
PAK,2004,homicide_count,9614.0,count,https://data.unodc.org/,UNODC,6568da27a944e628,,unodc_source=UNSDC/NSO/NP/CTS
PAK,2004,homicide_rate_per_100k,5.61283467417069,per_100k,https://data.unodc.org/,UNODC,d4461a40c7c27edb,,unodc_source=UNSDC/NSO/NP/CTS
PAK,2005,homicide_count,9782.0,count,https://data.unodc.org/,UNODC,a87a7f3f4e0e16ed,,unodc_source=UNSDC/NSO/NP/CTS
PAK,2005,homicide_rate_per_100k,5.5752755168276,per_100k,https://data.unodc.org/,UNODC,06f7735e552a591f,,unodc_source=UNSDC/NSO/NP/CTS
PAK,2006,homicide_count,10048.0,count,https://data.unodc.org/,UNODC,048e4c040d6ba5f3,,unodc_source=UNSDC/NSO/NP/CTS
PAK,2006,homicide_rate_per_100k,5.5920801274736,per_100k,https://data.unodc.org/,UNODC,9fb37a481642ab27,,unodc_source=UNSDC/NSO/NP/CTS
PAK,2007,homicide_count,10556.0,count,https://data.unodc.org/,UNODC,5e531d1428ceb8c3,,unodc_source=UNSDC/NSO/NP/CTS
PAK,2007,homicide_rate_per_100k,5.72161914634586,per_100k,https://data.unodc.org/,UNODC,635b7bfeebd09db8,,unodc_source=UNSDC/NSO/NP/CTS
PAK,2008,homicide_count,12059.0,count,https://data.unodc.org/,UNODC,7a8ccc85090e32de,,unodc_source=UNSDC/NSO/NP/CTS
PAK,2008,homicide_rate_per_100k,6.36361817693574,per_100k,https://data.unodc.org/,UNODC,f9cb1e3baa1db8aa,,unodc_source=UNSDC/NSO/NP/CTS
PAK,2009,homicide_count,12491.0,count,https://data.unodc.org/,UNODC,e80617e5eb1bf7ea,,unodc_source=UNSDC/NSO/NP/CTS
PAK,2009,homicide_rate_per_100k,6.42618722690055,per_100k,https://data.unodc.org/,UNODC,c598b127672f887c,,unodc_source=UNSDC/NSO/NP/CTS
PAK,2010,homicide_count,13190.0,count,https://data.unodc.org/,UNODC,3e0264accbdc4c23,,unodc_source=UNSDC/NSO/NP/CTS
PAK,2010,homicide_rate_per_100k,6.62018826058729,per_100k,https://data.unodc.org/,UNODC,becd7aa1ae6a216d,,unodc_source=UNSDC/NSO/NP/CTS
PAK,2011,homicide_count,13860.0,count,https://data.unodc.org/,UNODC,7673d125fed390b9,,unodc_source=UNSDC/NSO/NP/CTS
PAK,2011,homicide_rate_per_100k,6.80258538196207,per_100k,https://data.unodc.org/,UNODC,0148b6774a231384,,unodc_source=UNSDC/NSO/NP/CTS
PAK,2012,homicide_count,13846.0,count,https://data.unodc.org/,UNODC,40915c6cdb0bc27d,,unodc_source=UNSDC/NSO/NP/CTS
PAK,2012,homicide_rate_per_100k,6.66740103101875,per_100k,https://data.unodc.org/,UNODC,0e50a473d67227b3,,unodc_source=UNSDC/NSO/NP/CTS
PAK,2013,homicide_count,13937.0,count,https://data.unodc.org/,UNODC,6ce7666cf8cf3d7e,,unodc_source=UNSDC/NSO/NP/CTS
PAK,2013,homicide_rate_per_100k,6.60289823456376,per_100k,https://data.unodc.org/,UNODC,81b7f717957fec5a,,unodc_source=UNSDC/NSO/NP/CTS
PAK,2014,homicide_count,13276.0,count,https://data.unodc.org/,UNODC,31fbcdb66d5700c1,,unodc_source=UNSDC/NSO/NP/CTS
PAK,2014,homicide_rate_per_100k,6.19607584212452,per_100k,https://data.unodc.org/,UNODC,4b59f0d8f8c00921,,unodc_source=UNSDC/NSO/NP/CTS
PAK,2015,homicide_count,9486.0,count,https://data.unodc.org/,UNODC,7dc96cab60aefd87,,unodc_source=UNSDC/NSO/NP/CTS
PAK,2015,homicide_rate_per_100k,4.36557663665432,per_100k,https://data.unodc.org/,UNODC,938a6528712fe25b,,unodc_source=UNSDC/NSO/NP/CTS
PAK,2016,homicide_count,8516.0,count,https://data.unodc.org/,UNODC,4554022261f04248,,unodc_source=UNSDC/NSO/NP/CTS
PAK,2016,homicide_rate_per_100k,3.86846723526245,per_100k,https://data.unodc.org/,UNODC,f1edfe88ac8bb267,,unodc_source=UNSDC/NSO/NP/CTS
PAK,2017,homicide_count,8235.0,count,https://data.unodc.org/,UNODC,8bd6e03c30c77dec,,unodc_source=UNSDC/NSO/NP/CTS
PAK,2017,homicide_rate_per_100k,3.68829384464626,per_100k,https://data.unodc.org/,UNODC,392d55703c3fdf57,,unodc_source=UNSDC/NSO/NP/CTS
PAK,2018,homicide_count,8241.0,count,https://data.unodc.org/,UNODC,4ba1935a177f7f9b,,unodc_source=UNSDC/NSO/NP/CTS
PAK,2018,homicide_rate_per_100k,3.63153404981254,per_100k,https://data.unodc.org/,UNODC,6b6e70d4dca1ae7f,,unodc_source=UNSDC/NSO/NP/CTS
PAK,2019,homicide_count,8014.0,count,https://data.unodc.org/,UNODC,095e4ebd915923cc,,unodc_source=UNSDC/NSO/NP/CTS
PAK,2019,homicide_rate_per_100k,3.47225684652177,per_100k,https://data.unodc.org/,UNODC,3a5e4dc67b8d50e6,,unodc_source=UNSDC/NSO/NP/CTS
PAK,2020,homicide_count,8350.0,count,https://data.unodc.org/,UNODC,8d1260d67b0d2fe3,,unodc_source=UNSDC/NSO/NP/CTS
PAK,2020,homicide_rate_per_100k,3.55316509010108,per_100k,https://data.unodc.org/,UNODC,f20798c624607af1,,unodc_source=UNSDC/NSO/NP/CTS
PAK,2021,homicide_count,9068.0,count,https://data.unodc.org/,UNODC,9b57c9830874e40e,,unodc_source=UNSDC/NSO/NP/CTS
PAK,2021,homicide_rate_per_100k,3.78657227562101,per_100k,https://data.unodc.org/,UNODC,6f3d6d03353d8bbb,,unodc_source=UNSDC/NSO/NP/CTS
PAK,2022,homicide_count,9937.0,count,https://data.unodc.org/,UNODC,db49d51e6ccd3248,,unodc_source=UNSDC/NSO/NP/CTS
PAK,2022,homicide_rate_per_100k,4.07754321000689,per_100k,https://data.unodc.org/,UNODC,78d05a4074917b2d,,unodc_source=UNSDC/NSO/NP/CTS
PAK,2023,homicide_count,10729.0,count,https://data.unodc.org/,UNODC,ccc10d51873f630e,,unodc_source=UNSDC/NSO/NP/CTS
PAK,2023,homicide_rate_per_100k,4.33487075793336,per_100k,https://data.unodc.org/,UNODC,0eecf06733b65f54,,unodc_source=UNSDC/NSO/NP/CTS
RUS,1990,homicide_count,21145.0,count,https://data.unodc.org/,UNODC,8f3b852e0cea67a2,,unodc_source=NSO/GSH 2019 Revision/CTS/GSH 2023 Revision/SDG
RUS,1990,homicide_rate_per_100k,14.1932240689117,per_100k,https://data.unodc.org/,UNODC,fa5f9f96bb795c86,,unodc_source=NSO/GSH 2019 Revision/CTS/GSH 2023 Revision/SDG
RUS,1991,homicide_count,22621.0,count,https://data.unodc.org/,UNODC,d81bb4ae7efe469e,,unodc_source=NSO/GSH 2019 Revision/CTS/GSH 2023 Revision/SDG
RUS,1991,homicide_rate_per_100k,15.1363246478469,per_100k,https://data.unodc.org/,UNODC,34332491a44bca1b,,unodc_source=NSO/GSH 2019 Revision/CTS/GSH 2023 Revision/SDG
RUS,1992,homicide_count,33912.0,count,https://data.unodc.org/,UNODC,229f033aa0b66b45,,unodc_source=NSO/GSH 2019 Revision/CTS/GSH 2023 Revision/SDG
RUS,1992,homicide_rate_per_100k,22.7725711471779,per_100k,https://data.unodc.org/,UNODC,8b83fc75000b3d6c,,unodc_source=NSO/GSH 2019 Revision/CTS/GSH 2023 Revision/SDG
RUS,1993,homicide_count,45060.0,count,https://data.unodc.org/,UNODC,9d16e52dc611a162,,unodc_source=NSO/GSH 2019 Revision/CTS/GSH 2023 Revision/SDG
RUS,1993,homicide_rate_per_100k,30.4181125508508,per_100k,https://data.unodc.org/,UNODC,7435c29ce40f6193,,unodc_source=NSO/GSH 2019 Revision/CTS/GSH 2023 Revision/SDG
RUS,1994,homicide_count,47870.0,count,https://data.unodc.org/,UNODC,20d4d1605294b640,,unodc_source=NSO/GSH 2019 Revision/CTS/GSH 2023 Revision/SDG
RUS,1994,homicide_rate_per_100k,32.300784146238,per_100k,https://data.unodc.org/,UNODC,9484b6854cb8f13a,,unodc_source=NSO/GSH 2019 Revision/CTS/GSH 2023 Revision/SDG
RUS,1995,homicide_count,45257.0,count,https://data.unodc.org/,UNODC,eed0fc7038ababde,,unodc_source=NSO/GSH 2019 Revision/CTS/GSH 2023 Revision/SDG
RUS,1995,homicide_rate_per_100k,30.5189640696838,per_100k,https://data.unodc.org/,UNODC,5adec45424cf4c86,,unodc_source=NSO/GSH 2019 Revision/CTS/GSH 2023 Revision/SDG
RUS,1996,homicide_count,39083.0,count,https://data.unodc.org/,UNODC,210a6bc7bf7f4f1a,,unodc_source=NSO/GSH 2019 Revision/CTS/GSH 2023 Revision/SDG
RUS,1996,homicide_rate_per_100k,26.3923491157494,per_100k,https://data.unodc.org/,UNODC,6ebcb1910eac743f,,unodc_source=NSO/GSH 2019 Revision/CTS/GSH 2023 Revision/SDG
RUS,1997,homicide_count,34995.0,count,https://data.unodc.org/,UNODC,22556634b57ef646,,unodc_source=NSO/GSH 2019 Revision/CTS/GSH 2023 Revision/SDG
RUS,1997,homicide_rate_per_100k,23.6686557817611,per_100k,https://data.unodc.org/,UNODC,6f1438e5d0e9708b,,unodc_source=NSO/GSH 2019 Revision/CTS/GSH 2023 Revision/SDG
RUS,1998,homicide_count,33553.0,count,https://data.unodc.org/,UNODC,2492e965ea076bdb,,unodc_source=NSO/GSH 2019 Revision/CTS/GSH 2023 Revision/SDG
RUS,1998,homicide_rate_per_100k,22.7269138890421,per_100k,https://data.unodc.org/,UNODC,8d03de0d42475c9c,,unodc_source=NSO/GSH 2019 Revision/CTS/GSH 2023 Revision/SDG
RUS,1999,homicide_count,38225.0,count,https://data.unodc.org/,UNODC,05204cec18a09aa4,,unodc_source=NSO/GSH 2019 Revision/CTS/GSH 2023 Revision/SDG
RUS,1999,homicide_rate_per_100k,25.9606678936515,per_100k,https://data.unodc.org/,UNODC,2118aee457e0dbb4,,unodc_source=NSO/GSH 2019 Revision/CTS/GSH 2023 Revision/SDG
RUS,2000,homicide_count,41090.0,count,https://data.unodc.org/,UNODC,00bd3f3581c0ccf1,,unodc_source=NSO/GSH 2019 Revision/CTS/GSH 2023 Revision/SDG
RUS,2000,homicide_rate_per_100k,28.0061484707895,per_100k,https://data.unodc.org/,UNODC,860f75b766367d80,,unodc_source=NSO/GSH 2019 Revision/CTS/GSH 2023 Revision/SDG
RUS,2001,homicide_count,42921.0,count,https://data.unodc.org/,UNODC,93360c358d71e682,,unodc_source=NSO/GSH 2019 Revision/CTS/GSH 2023 Revision/SDG
RUS,2001,homicide_rate_per_100k,29.3743483488237,per_100k,https://data.unodc.org/,UNODC,18667bc2af88b5c3,,unodc_source=NSO/GSH 2019 Revision/CTS/GSH 2023 Revision/SDG
RUS,2002,homicide_count,44252.0,count,https://data.unodc.org/,UNODC,315f63050b33ebe0,,unodc_source=NSO/GSH 2019 Revision/CTS/GSH 2023 Revision/SDG
RUS,2002,homicide_rate_per_100k,30.3221540432851,per_100k,https://data.unodc.org/,UNODC,6ff90d06c9c6dfd3,,unodc_source=NSO/GSH 2019 Revision/CTS/GSH 2023 Revision/SDG
RUS,2003,homicide_count,41764.0,count,https://data.unodc.org/,UNODC,1a593a1587a75a11,,unodc_source=NSO/GSH 2019 Revision/CTS/GSH 2023 Revision/SDG
RUS,2003,homicide_rate_per_100k,28.6458525438416,per_100k,https://data.unodc.org/,UNODC,6651ad8774c997b1,,unodc_source=NSO/GSH 2019 Revision/CTS/GSH 2023 Revision/SDG
RUS,2004,homicide_count,39256.0,count,https://data.unodc.org/,UNODC,630ff4b911820286,,unodc_source=NSO/GSH 2019 Revision/CTS/GSH 2023 Revision/SDG
RUS,2004,homicide_rate_per_100k,27.039519153371,per_100k,https://data.unodc.org/,UNODC,f0c7f9f9ddf1c229,,unodc_source=NSO/GSH 2019 Revision/CTS/GSH 2023 Revision/SDG
RUS,2005,homicide_count,35636.0,count,https://data.unodc.org/,UNODC,f6e48e23adc7e4ed,,unodc_source=NSO/GSH 2019 Revision/CTS/GSH 2023 Revision/SDG
RUS,2005,homicide_rate_per_100k,24.6448972080224,per_100k,https://data.unodc.org/,UNODC,6fd5b903024e4706,,unodc_source=NSO/GSH 2019 Revision/CTS/GSH 2023 Revision/SDG
RUS,2006,homicide_count,28844.0,count,https://data.unodc.org/,UNODC,c6f9b5959f5390dd,,unodc_source=NSO/GSH 2019 Revision/CTS/GSH 2023 Revision/SDG
RUS,2006,homicide_rate_per_100k,20.0162456079663,per_100k,https://data.unodc.org/,UNODC,b2aef475c108aa2c,,unodc_source=NSO/GSH 2019 Revision/CTS/GSH 2023 Revision/SDG
RUS,2007,homicide_count,25377.0,count,https://data.unodc.org/,UNODC,5280b12fca1b0783,,unodc_source=NSO/GSH 2019 Revision/CTS/GSH 2023 Revision/SDG
RUS,2007,homicide_rate_per_100k,17.6400957311458,per_100k,https://data.unodc.org/,UNODC,f69b0d5c911dedb8,,unodc_source=NSO/GSH 2019 Revision/CTS/GSH 2023 Revision/SDG
RUS,2008,homicide_count,18188.0,count,https://data.unodc.org/,UNODC,4ad3f2f3f2513dbf,,unodc_source=NSO/GSH 2019 Revision/CTS/GSH 2023 Revision/SDG
RUS,2008,homicide_rate_per_100k,12.6470810308557,per_100k,https://data.unodc.org/,UNODC,b17144cdd7f101de,,unodc_source=NSO/GSH 2019 Revision/CTS/GSH 2023 Revision/SDG
RUS,2009,homicide_count,17659.0,count,https://data.unodc.org/,UNODC,b1d718f7b35a57a6,,unodc_source=NSO/GSH 2019 Revision/CTS/GSH 2023 Revision/SDG
RUS,2009,homicide_rate_per_100k,12.2743494414076,per_100k,https://data.unodc.org/,UNODC,9474ddd881c28043,,unodc_source=NSO/GSH 2019 Revision/CTS/GSH 2023 Revision/SDG
RUS,2010,homicide_count,16690.0,count,https://data.unodc.org/,UNODC,3e8d07e44f971bae,,unodc_source=NSO/GSH 2019 Revision/CTS/GSH 2023 Revision/SDG
RUS,2010,homicide_rate_per_100k,11.5955549228756,per_100k,https://data.unodc.org/,UNODC,1b063ef28aa36943,,unodc_source=NSO/GSH 2019 Revision/CTS/GSH 2023 Revision/SDG
RUS,2011,homicide_count,16175.0,count,https://data.unodc.org/,UNODC,4825ac6e99e19b80,,unodc_source=NSO/GSH 2019 Revision/CTS/GSH 2023 Revision/SDG
RUS,2011,homicide_rate_per_100k,11.2292273482455,per_100k,https://data.unodc.org/,UNODC,d3d62243840cc10f,,unodc_source=NSO/GSH 2019 Revision/CTS/GSH 2023 Revision/SDG
RUS,2012,homicide_count,16247.0,count,https://data.unodc.org/,UNODC,956b165e55aa93f5,,unodc_source=NSO/GSH 2019 Revision/CTS/GSH 2023 Revision/SDG
RUS,2012,homicide_rate_per_100k,11.2598822758413,per_100k,https://data.unodc.org/,UNODC,c1a42791a91537ba,,unodc_source=NSO/GSH 2019 Revision/CTS/GSH 2023 Revision/SDG
RUS,2013,homicide_count,16033.0,count,https://data.unodc.org/,UNODC,51fe02659dd30f51,,unodc_source=NSO/GSH 2019 Revision/CTS/GSH 2023 Revision/SDG
RUS,2013,homicide_rate_per_100k,11.0875143078155,per_100k,https://data.unodc.org/,UNODC,0e64230e613cbfec,,unodc_source=NSO/GSH 2019 Revision/CTS/GSH 2023 Revision/SDG
RUS,2014,homicide_count,16516.0,count,https://data.unodc.org/,UNODC,2ec38ddd3e168d01,,unodc_source=NSO/GSH 2019 Revision/CTS/GSH 2023 Revision/SDG
RUS,2014,homicide_rate_per_100k,11.3961892650078,per_100k,https://data.unodc.org/,UNODC,7df2742ba7a4b324,,unodc_source=NSO/GSH 2019 Revision/CTS/GSH 2023 Revision/SDG
RUS,2015,homicide_count,16646.0,count,https://data.unodc.org/,UNODC,067fcd2ed3d590b8,,unodc_source=NSO/GSH 2019 Revision/CTS/GSH 2023 Revision/SDG
RUS,2015,homicide_rate_per_100k,11.4556968970425,per_100k,https://data.unodc.org/,UNODC,41b53321d5a58cbe,,unodc_source=NSO/GSH 2019 Revision/CTS/GSH 2023 Revision/SDG
RUS,2016,homicide_count,15864.0,count,https://data.unodc.org/,UNODC,ec5e0358acc2a8ea,,unodc_source=NSO/GSH 2019 Revision/CTS/GSH 2023 Revision/SDG
RUS,2016,homicide_rate_per_100k,10.8822499466091,per_100k,https://data.unodc.org/,UNODC,cf7d01f92977616e,,unodc_source=NSO/GSH 2019 Revision/CTS/GSH 2023 Revision/SDG
RUS,2017,homicide_count,13293.0,count,https://data.unodc.org/,UNODC,585415ef1ac44e1d,,unodc_source=NSO/GSH 2019 Revision/CTS/GSH 2023 Revision/SDG
RUS,2017,homicide_rate_per_100k,9.09316032017364,per_100k,https://data.unodc.org/,UNODC,ed5fbf4708f29863,,unodc_source=NSO/GSH 2019 Revision/CTS/GSH 2023 Revision/SDG
RUS,2018,homicide_count,11964.0,count,https://data.unodc.org/,UNODC,ad95c170f2ceadac,,unodc_source=NSO/GSH 2019 Revision/CTS/GSH 2023 Revision/SDG
RUS,2018,homicide_rate_per_100k,8.17044875503453,per_100k,https://data.unodc.org/,UNODC,9431235eeceec4b0,,unodc_source=NSO/GSH 2019 Revision/CTS/GSH 2023 Revision/SDG
RUS,2019,homicide_count,11202.0,count,https://data.unodc.org/,UNODC,f4218b022d37acdd,,unodc_source=NSO/GSH 2019 Revision/CTS/GSH 2023 Revision/SDG
RUS,2019,homicide_rate_per_100k,7.64469087376708,per_100k,https://data.unodc.org/,UNODC,784326af49c638a9,,unodc_source=NSO/GSH 2019 Revision/CTS/GSH 2023 Revision/SDG
RUS,2020,homicide_count,10697.0,count,https://data.unodc.org/,UNODC,970c3c05ef458039,,unodc_source=NSO/GSH 2019 Revision/CTS/GSH 2023 Revision/SDG
RUS,2020,homicide_rate_per_100k,7.30812673633554,per_100k,https://data.unodc.org/,UNODC,bc8d0fd83993f886,,unodc_source=NSO/GSH 2019 Revision/CTS/GSH 2023 Revision/SDG
RUS,2021,homicide_count,9866.0,count,https://data.unodc.org/,UNODC,52426ba714acc850,,unodc_source=NSO/GSH 2019 Revision/CTS/GSH 2023 Revision/SDG
RUS,2021,homicide_rate_per_100k,6.76512531955806,per_100k,https://data.unodc.org/,UNODC,7dbb217ce84811fc,,unodc_source=NSO/GSH 2019 Revision/CTS/GSH 2023 Revision/SDG
RUS,2024,homicide_count,11327.0,count,https://data.unodc.org/,UNODC,c917c62fe4ae573a,,unodc_source=NSO/GSH 2019 Revision/CTS/GSH 2023 Revision/SDG
SAU,1999,homicide_count,184.0,count,https://data.unodc.org/,UNODC,2caa2a45a7cafcc6,,unodc_source=NSO/External
SAU,1999,homicide_rate_per_100k,1.18923936153487,per_100k,https://data.unodc.org/,UNODC,01d1905516091984,,unodc_source=NSO/External
SAU,2000,homicide_count,173.0,count,https://data.unodc.org/,UNODC,a0271e8aae683066,,unodc_source=NSO/External
SAU,2000,homicide_rate_per_100k,1.06937181885064,per_100k,https://data.unodc.org/,UNODC,c88daf94ad57c668,,unodc_source=NSO/External
SAU,2001,homicide_count,229.0,count,https://data.unodc.org/,UNODC,5204d21178d4075d,,unodc_source=NSO/External
SAU,2001,homicide_rate_per_100k,1.34378654519932,per_100k,https://data.unodc.org/,UNODC,9e51adef7fde19f6,,unodc_source=NSO/External
SAU,2002,homicide_count,285.0,count,https://data.unodc.org/,UNODC,3001951213eb0387,,unodc_source=NSO/External
SAU,2002,homicide_rate_per_100k,1.59120897796954,per_100k,https://data.unodc.org/,UNODC,ac85b01fd3aa8336,,unodc_source=NSO/External
SAU,2003,homicide_count,250.0,count,https://data.unodc.org/,UNODC,decb964613d261aa,,unodc_source=NSO/External
SAU,2003,homicide_rate_per_100k,1.33072394336726,per_100k,https://data.unodc.org/,UNODC,51abb75d84255f39,,unodc_source=NSO/External
SAU,2004,homicide_count,301.0,count,https://data.unodc.org/,UNODC,3fb9e484be5082b2,,unodc_source=NSO/External
SAU,2004,homicide_rate_per_100k,1.53028956535709,per_100k,https://data.unodc.org/,UNODC,35001234339a7028,,unodc_source=NSO/External
SAU,2005,homicide_count,297.0,count,https://data.unodc.org/,UNODC,7f7bf4c5e63814b9,,unodc_source=NSO/External
SAU,2005,homicide_rate_per_100k,1.4445602578613,per_100k,https://data.unodc.org/,UNODC,b17e4d6fa9966193,,unodc_source=NSO/External
SAU,2006,homicide_count,255.0,count,https://data.unodc.org/,UNODC,18e6e183798dfc40,,unodc_source=NSO/External
SAU,2006,homicide_rate_per_100k,1.18830462202966,per_100k,https://data.unodc.org/,UNODC,c58a90c78449521f,,unodc_source=NSO/External
SAU,2007,homicide_count,265.0,count,https://data.unodc.org/,UNODC,367344c37a1b5a6d,,unodc_source=NSO/External
SAU,2007,homicide_rate_per_100k,1.1847116316888,per_100k,https://data.unodc.org/,UNODC,bd25821972c8ed5e,,unodc_source=NSO/External
SAU,2018,homicide_count,224.0,count,https://data.unodc.org/,UNODC,87bbbdca0fac7675,,unodc_source=NSO/External
SAU,2018,homicide_rate_per_100k,0.737688493612268,per_100k,https://data.unodc.org/,UNODC,58429a951f6fb84e,,unodc_source=NSO/External
SAU,2019,homicide_count,285.0,count,https://data.unodc.org/,UNODC,27188f5f5eb7faef,,unodc_source=NSO/External
SAU,2019,homicide_rate_per_100k,0.935259944754359,per_100k,https://data.unodc.org/,UNODC,a3575f8649dea5a9,,unodc_source=NSO/External
TUR,2003,homicide_count,2837.0,count,https://data.unodc.org/,UNODC,15fcb520a0df5a9c,,unodc_source=CTS
TUR,2003,homicide_rate_per_100k,4.18240847006562,per_100k,https://data.unodc.org/,UNODC,32f2a6ac65e341a9,,unodc_source=CTS
TUR,2004,homicide_count,2914.0,count,https://data.unodc.org/,UNODC,b2aeb053296ddeaa,,unodc_source=CTS
TUR,2004,homicide_rate_per_100k,4.24827062656029,per_100k,https://data.unodc.org/,UNODC,eee18b62b4838cd0,,unodc_source=CTS
TUR,2005,homicide_count,3305.0,count,https://data.unodc.org/,UNODC,1923cb020b34295b,,unodc_source=CTS
TUR,2005,homicide_rate_per_100k,4.76708660324403,per_100k,https://data.unodc.org/,UNODC,3088d3aaa638af92,,unodc_source=CTS
TUR,2006,homicide_count,3168.0,count,https://data.unodc.org/,UNODC,702033e8eb8b5054,,unodc_source=CTS
TUR,2006,homicide_rate_per_100k,4.52278419997034,per_100k,https://data.unodc.org/,UNODC,2752c2a5b66467b7,,unodc_source=CTS
TUR,2007,homicide_count,3599.0,count,https://data.unodc.org/,UNODC,3b29dded080cc952,,unodc_source=CTS
TUR,2007,homicide_rate_per_100k,5.08688366199539,per_100k,https://data.unodc.org/,UNODC,144ebb87b9d3d724,,unodc_source=CTS
TUR,2008,homicide_count,3257.0,count,https://data.unodc.org/,UNODC,091a0105413dcaf0,,unodc_source=CTS
TUR,2008,homicide_rate_per_100k,4.55127664672389,per_100k,https://data.unodc.org/,UNODC,26837585529d1a85,,unodc_source=CTS
TUR,2010,homicide_count,3064.0,count,https://data.unodc.org/,UNODC,2befa8b1a0d1c459,,unodc_source=CTS
TUR,2010,homicide_rate_per_100k,4.17741645852185,per_100k,https://data.unodc.org/,UNODC,71f81d2bc0e13ff8,,unodc_source=CTS
TUR,2011,homicide_count,3061.0,count,https://data.unodc.org/,UNODC,4d1b6f0b26ffbc1a,,unodc_source=CTS
TUR,2011,homicide_rate_per_100k,4.1244918510834,per_100k,https://data.unodc.org/,UNODC,ca3ab3d492d71981,,unodc_source=CTS
TUR,2012,homicide_count,3216.0,count,https://data.unodc.org/,UNODC,fef87c05e2cf1034,,unodc_source=CTS
TUR,2012,homicide_rate_per_100k,4.27675507086876,per_100k,https://data.unodc.org/,UNODC,0531459fd6235463,,unodc_source=CTS
TUR,2015,homicide_count,2235.0,count,https://data.unodc.org/,UNODC,f3e28f03e77d4449,,unodc_source=CTS
TUR,2015,homicide_rate_per_100k,2.79325328973375,per_100k,https://data.unodc.org/,UNODC,640d8716d4a7b96d,,unodc_source=CTS
TUR,2016,homicide_count,2704.0,count,https://data.unodc.org/,UNODC,45b98500a66e75cb,,unodc_source=CTS
TUR,2016,homicide_rate_per_100k,3.31161155785991,per_100k,https://data.unodc.org/,UNODC,1752eca7cde4e0ea,,unodc_source=CTS
TUR,2017,homicide_count,2541.0,count,https://data.unodc.org/,UNODC,c1fa9ec013d33172,,unodc_source=CTS
TUR,2017,homicide_rate_per_100k,3.05836302689691,per_100k,https://data.unodc.org/,UNODC,95c076d9e0cffbc6,,unodc_source=CTS
TUR,2018,homicide_count,2161.0,count,https://data.unodc.org/,UNODC,a65497a21d0de6cf,,unodc_source=CTS
TUR,2018,homicide_rate_per_100k,2.55994219861376,per_100k,https://data.unodc.org/,UNODC,fbe31042e912bc92,,unodc_source=CTS
TUR,2019,homicide_count,2045.0,count,https://data.unodc.org/,UNODC,7ed1ecdc5669a2fc,,unodc_source=CTS
TUR,2019,homicide_rate_per_100k,2.39580104761995,per_100k,https://data.unodc.org/,UNODC,9fbdca0236275aac,,unodc_source=CTS
TUR,2020,homicide_count,2144.0,count,https://data.unodc.org/,UNODC,483ad7e965856d2d,,unodc_source=CTS
TUR,2020,homicide_rate_per_100k,2.49036807460102,per_100k,https://data.unodc.org/,UNODC,7b808e7006baa5ca,,unodc_source=CTS
TUR,2021,homicide_count,2165.0,count,https://data.unodc.org/,UNODC,6487f41857e9ddc1,,unodc_source=CTS
TUR,2021,homicide_rate_per_100k,2.49751250926437,per_100k,https://data.unodc.org/,UNODC,e92e1c71603faee1,,unodc_source=CTS
TUR,2022,homicide_count,2282.0,count,https://data.unodc.org/,UNODC,afc7a3c9c0b499fd,,unodc_source=CTS
TUR,2022,homicide_rate_per_100k,2.62122678525057,per_100k,https://data.unodc.org/,UNODC,a4ef0ba4fd455df6,,unodc_source=CTS
TUR,2023,homicide_count,2817.0,count,https://data.unodc.org/,UNODC,b98023452181c286,,unodc_source=CTS
TUR,2023,homicide_rate_per_100k,3.22789482308636,per_100k,https://data.unodc.org/,UNODC,0694e3d576e30a1e,,unodc_source=CTS
UKR,1990,homicide_count,2558.0,count,https://data.unodc.org/,UNODC,762d3b270f9729f1,,unodc_source=UNSDC/TransMonEE/CTS/DMDB
UKR,1990,homicide_rate_per_100k,4.91411890429172,per_100k,https://data.unodc.org/,UNODC,ce45145f7ee2daa8,,unodc_source=UNSDC/TransMonEE/CTS/DMDB
UKR,1991,homicide_count,2648.0,count,https://data.unodc.org/,UNODC,78d467d3e0747add,,unodc_source=UNSDC/TransMonEE/CTS/DMDB
UKR,1991,homicide_rate_per_100k,5.07562056481594,per_100k,https://data.unodc.org/,UNODC,28c943e55d45446e,,unodc_source=UNSDC/TransMonEE/CTS/DMDB
UKR,1992,homicide_count,3370.0,count,https://data.unodc.org/,UNODC,45ec39185f31fdcf,,unodc_source=UNSDC/TransMonEE/CTS/DMDB
UKR,1992,homicide_rate_per_100k,6.44067965377161,per_100k,https://data.unodc.org/,UNODC,448dae487cc001aa,,unodc_source=UNSDC/TransMonEE/CTS/DMDB
UKR,1993,homicide_count,3696.0,count,https://data.unodc.org/,UNODC,a37102d0341601a8,,unodc_source=UNSDC/TransMonEE/CTS/DMDB
UKR,1993,homicide_rate_per_100k,7.06015499427981,per_100k,https://data.unodc.org/,UNODC,e26a2dbe9f99fa9d,,unodc_source=UNSDC/TransMonEE/CTS/DMDB
UKR,1994,homicide_count,4223.0,count,https://data.unodc.org/,UNODC,49f540816c10eb00,,unodc_source=UNSDC/TransMonEE/CTS/DMDB
UKR,1994,homicide_rate_per_100k,8.10930210113304,per_100k,https://data.unodc.org/,UNODC,af724aa325e9feea,,unodc_source=UNSDC/TransMonEE/CTS/DMDB
UKR,1995,homicide_count,4407.0,count,https://data.unodc.org/,UNODC,5269bb27a3f78bb8,,unodc_source=UNSDC/TransMonEE/CTS/DMDB
UKR,1995,homicide_rate_per_100k,8.52986359050662,per_100k,https://data.unodc.org/,UNODC,9403aabbe9c27ea4,,unodc_source=UNSDC/TransMonEE/CTS/DMDB
UKR,1996,homicide_count,4896.0,count,https://data.unodc.org/,UNODC,ca7b2fdc6a29e366,,unodc_source=UNSDC/TransMonEE/CTS/DMDB
UKR,1996,homicide_rate_per_100k,9.55762626395874,per_100k,https://data.unodc.org/,UNODC,7f980b0f118efd30,,unodc_source=UNSDC/TransMonEE/CTS/DMDB
UKR,1997,homicide_count,4231.0,count,https://data.unodc.org/,UNODC,1a6cf4c511bfa494,,unodc_source=UNSDC/TransMonEE/CTS/DMDB
UKR,1997,homicide_rate_per_100k,8.33089101970805,per_100k,https://data.unodc.org/,UNODC,14f314ec98268f67,,unodc_source=UNSDC/TransMonEE/CTS/DMDB
UKR,1998,homicide_count,4195.0,count,https://data.unodc.org/,UNODC,807fc30291df1fb7,,unodc_source=UNSDC/TransMonEE/CTS/DMDB
UKR,1998,homicide_rate_per_100k,8.32676141125089,per_100k,https://data.unodc.org/,UNODC,2728b269071d0c79,,unodc_source=UNSDC/TransMonEE/CTS/DMDB
UKR,1999,homicide_count,4250.0,count,https://data.unodc.org/,UNODC,5438ce8e40e910d9,,unodc_source=UNSDC/TransMonEE/CTS/DMDB
UKR,1999,homicide_rate_per_100k,8.50400598209799,per_100k,https://data.unodc.org/,UNODC,5508bd8fbeaade23,,unodc_source=UNSDC/TransMonEE/CTS/DMDB
UKR,2000,homicide_count,4418.0,count,https://data.unodc.org/,UNODC,b37067f025874353,,unodc_source=UNSDC/TransMonEE/CTS/DMDB
UKR,2000,homicide_rate_per_100k,8.91504794713768,per_100k,https://data.unodc.org/,UNODC,63950d8773455eb8,,unodc_source=UNSDC/TransMonEE/CTS/DMDB
UKR,2001,homicide_count,4854.0,count,https://data.unodc.org/,UNODC,f668485a30baba98,,unodc_source=UNSDC/TransMonEE/CTS/DMDB
UKR,2001,homicide_rate_per_100k,9.88456693180039,per_100k,https://data.unodc.org/,UNODC,10bb3bf3758b4cc8,,unodc_source=UNSDC/TransMonEE/CTS/DMDB
UKR,2002,homicide_count,4296.0,count,https://data.unodc.org/,UNODC,2f13bb62d937bbb7,,unodc_source=UNSDC/TransMonEE/CTS/DMDB
UKR,2002,homicide_rate_per_100k,8.82547240056403,per_100k,https://data.unodc.org/,UNODC,e5b9cab4064a634f,,unodc_source=UNSDC/TransMonEE/CTS/DMDB
UKR,2003,homicide_count,4041.0,count,https://data.unodc.org/,UNODC,997133d2a28e27b2,,unodc_source=UNSDC/TransMonEE/CTS/DMDB
UKR,2003,homicide_rate_per_100k,8.36383861156885,per_100k,https://data.unodc.org/,UNODC,666d1c870c955e5b,,unodc_source=UNSDC/TransMonEE/CTS/DMDB
UKR,2004,homicide_count,3487.0,count,https://data.unodc.org/,UNODC,ddeac87bcf7f80ed,,unodc_source=UNSDC/TransMonEE/CTS/DMDB
UKR,2004,homicide_rate_per_100k,7.26768625683968,per_100k,https://data.unodc.org/,UNODC,92d48263e0bf1016,,unodc_source=UNSDC/TransMonEE/CTS/DMDB
UKR,2005,homicide_count,3030.0,count,https://data.unodc.org/,UNODC,1ef3b1107647e342,,unodc_source=UNSDC/TransMonEE/CTS/DMDB
UKR,2005,homicide_rate_per_100k,6.36747840037847,per_100k,https://data.unodc.org/,UNODC,d486fd704865f3bf,,unodc_source=UNSDC/TransMonEE/CTS/DMDB
UKR,2006,homicide_count,2958.0,count,https://data.unodc.org/,UNODC,87fa380652001f58,,unodc_source=UNSDC/TransMonEE/CTS/DMDB
UKR,2006,homicide_rate_per_100k,6.25651793325215,per_100k,https://data.unodc.org/,UNODC,e70579ca9c0e0c1b,,unodc_source=UNSDC/TransMonEE/CTS/DMDB
UKR,2007,homicide_count,2646.0,count,https://data.unodc.org/,UNODC,2fe0bf8afe1c85c3,,unodc_source=UNSDC/TransMonEE/CTS/DMDB
UKR,2007,homicide_rate_per_100k,5.62227515669595,per_100k,https://data.unodc.org/,UNODC,e073e9477a852807,,unodc_source=UNSDC/TransMonEE/CTS/DMDB
UKR,2008,homicide_count,2466.0,count,https://data.unodc.org/,UNODC,03fb620551603d0f,,unodc_source=UNSDC/TransMonEE/CTS/DMDB
UKR,2008,homicide_rate_per_100k,5.26707267623711,per_100k,https://data.unodc.org/,UNODC,0723e9ac7b64cb38,,unodc_source=UNSDC/TransMonEE/CTS/DMDB
UKR,2009,homicide_count,2240.0,count,https://data.unodc.org/,UNODC,872a1d5e46aeb604,,unodc_source=UNSDC/TransMonEE/CTS/DMDB
UKR,2009,homicide_rate_per_100k,4.80442030690337,per_100k,https://data.unodc.org/,UNODC,fe0972ca93d8ec97,,unodc_source=UNSDC/TransMonEE/CTS/DMDB
UKR,2010,homicide_count,1988.0,count,https://data.unodc.org/,UNODC,990a6fa411408d3a,,unodc_source=UNSDC/TransMonEE/CTS/DMDB
UKR,2010,homicide_rate_per_100k,4.27931783411627,per_100k,https://data.unodc.org/,UNODC,ceab5cde0df841c1,,unodc_source=UNSDC/TransMonEE/CTS/DMDB
UKR,2012,homicide_count,2336.0,count,https://data.unodc.org/,UNODC,e563f0c41b5bd92d,,unodc_source=UNSDC/TransMonEE/CTS/DMDB
UKR,2012,homicide_rate_per_100k,5.05517673469169,per_100k,https://data.unodc.org/,UNODC,da4be8854a220502,,unodc_source=UNSDC/TransMonEE/CTS/DMDB
UKR,2014,homicide_count,2845.0,count,https://data.unodc.org/,UNODC,d88ae909f207112f,,unodc_source=UNSDC/TransMonEE/CTS/DMDB
UKR,2014,homicide_rate_per_100k,6.18849833107946,per_100k,https://data.unodc.org/,UNODC,562657af5dedfccc,,unodc_source=UNSDC/TransMonEE/CTS/DMDB
UKR,2017,homicide_count,2751.0,count,https://data.unodc.org/,UNODC,7b841122c00c0fc3,,unodc_source=UNSDC/TransMonEE/CTS/DMDB
UKR,2017,homicide_rate_per_100k,6.05466477531939,per_100k,https://data.unodc.org/,UNODC,e9af9e8309a8ecfb,,unodc_source=UNSDC/TransMonEE/CTS/DMDB
UKR,2018,homicide_count,2002.0,count,https://data.unodc.org/,UNODC,d14baa7e8349df96,,unodc_source=UNSDC/TransMonEE/CTS/DMDB
UKR,2018,homicide_rate_per_100k,4.42833090390794,per_100k,https://data.unodc.org/,UNODC,ee7f23a147821de5,,unodc_source=UNSDC/TransMonEE/CTS/DMDB
UKR,2019,homicide_count,1820.0,count,https://data.unodc.org/,UNODC,d6c3e55c5a16c371,,unodc_source=UNSDC/TransMonEE/CTS/DMDB
UKR,2019,homicide_rate_per_100k,4.04827159044446,per_100k,https://data.unodc.org/,UNODC,af08fc003e4fdc5d,,unodc_source=UNSDC/TransMonEE/CTS/DMDB
UKR,2020,homicide_count,1698.0,count,https://data.unodc.org/,UNODC,20bbef57e70967de,,unodc_source=UNSDC/TransMonEE/CTS/DMDB
UKR,2020,homicide_rate_per_100k,3.80035686872931,per_100k,https://data.unodc.org/,UNODC,f2a08e69ef4c4def,,unodc_source=UNSDC/TransMonEE/CTS/DMDB
UKR,2021,homicide_count,1673.0,count,https://data.unodc.org/,UNODC,2ccd019300367f57,,unodc_source=UNSDC/TransMonEE/CTS/DMDB
UKR,2021,homicide_rate_per_100k,3.77663964401616,per_100k,https://data.unodc.org/,UNODC,5d27645c4b7e7f2d,,unodc_source=UNSDC/TransMonEE/CTS/DMDB
USA,1990,homicide_count,23438.0,count,https://data.unodc.org/,UNODC,59fdc6590b6051b3,,unodc_source=NP/UNSDC/CTS/GSH 2019 Revision
USA,1990,homicide_rate_per_100k,9.25037955939706,per_100k,https://data.unodc.org/,UNODC,2dadbc6f58f71d4e,,unodc_source=NP/UNSDC/CTS/GSH 2019 Revision
USA,1991,homicide_count,24703.0,count,https://data.unodc.org/,UNODC,c40a2f06b1585402,,unodc_source=NP/UNSDC/CTS/GSH 2019 Revision
USA,1991,homicide_rate_per_100k,9.63187233852536,per_100k,https://data.unodc.org/,UNODC,bdfd4cc213d2dc2e,,unodc_source=NP/UNSDC/CTS/GSH 2019 Revision
USA,1992,homicide_count,23760.0,count,https://data.unodc.org/,UNODC,801ce05dcc3d5035,,unodc_source=NP/UNSDC/CTS/GSH 2019 Revision
USA,1992,homicide_rate_per_100k,9.15233015234456,per_100k,https://data.unodc.org/,UNODC,1910f0b948519bd2,,unodc_source=NP/UNSDC/CTS/GSH 2019 Revision
USA,1993,homicide_count,24526.0,count,https://data.unodc.org/,UNODC,81dc1510cd814274,,unodc_source=NP/UNSDC/CTS/GSH 2019 Revision
USA,1993,homicide_rate_per_100k,9.33849837151796,per_100k,https://data.unodc.org/,UNODC,c5147086d224517e,,unodc_source=NP/UNSDC/CTS/GSH 2019 Revision
USA,1994,homicide_count,23326.0,count,https://data.unodc.org/,UNODC,e112dd1f6b4c58e3,,unodc_source=NP/UNSDC/CTS/GSH 2019 Revision
USA,1994,homicide_rate_per_100k,8.78652102623221,per_100k,https://data.unodc.org/,UNODC,b5b1222511eb1be4,,unodc_source=NP/UNSDC/CTS/GSH 2019 Revision
USA,1995,homicide_count,21606.0,count,https://data.unodc.org/,UNODC,94be83eeeede9d0e,,unodc_source=NP/UNSDC/CTS/GSH 2019 Revision
USA,1995,homicide_rate_per_100k,8.05575436588861,per_100k,https://data.unodc.org/,UNODC,3847d90a64a37e6c,,unodc_source=NP/UNSDC/CTS/GSH 2019 Revision
USA,1996,homicide_count,19645.0,count,https://data.unodc.org/,UNODC,e658f9853c951425,,unodc_source=NP/UNSDC/CTS/GSH 2019 Revision
USA,1996,homicide_rate_per_100k,7.25280570053619,per_100k,https://data.unodc.org/,UNODC,46e45beabd2229c0,,unodc_source=NP/UNSDC/CTS/GSH 2019 Revision
USA,1997,homicide_count,18208.0,count,https://data.unodc.org/,UNODC,407d5e578f5a11e1,,unodc_source=NP/UNSDC/CTS/GSH 2019 Revision
USA,1997,homicide_rate_per_100k,6.65818273718576,per_100k,https://data.unodc.org/,UNODC,ab22d07868c4c602,,unodc_source=NP/UNSDC/CTS/GSH 2019 Revision
USA,1998,homicide_count,16974.0,count,https://data.unodc.org/,UNODC,5e954019aa07f811,,unodc_source=NP/UNSDC/CTS/GSH 2019 Revision
USA,1998,homicide_rate_per_100k,6.14734210977422,per_100k,https://data.unodc.org/,UNODC,bb09359fc317a027,,unodc_source=NP/UNSDC/CTS/GSH 2019 Revision
USA,1999,homicide_count,15522.0,count,https://data.unodc.org/,UNODC,36f0cb8a466e0927,,unodc_source=NP/UNSDC/CTS/GSH 2019 Revision
USA,1999,homicide_rate_per_100k,5.56772173977322,per_100k,https://data.unodc.org/,UNODC,5dff7e56e30865a4,,unodc_source=NP/UNSDC/CTS/GSH 2019 Revision
USA,2000,homicide_count,15586.0,count,https://data.unodc.org/,UNODC,fdde3ceb0b12ed22,,unodc_source=NP/UNSDC/CTS/GSH 2019 Revision
USA,2000,homicide_rate_per_100k,5.53707946956534,per_100k,https://data.unodc.org/,UNODC,8f779d187b2d49eb,,unodc_source=NP/UNSDC/CTS/GSH 2019 Revision
USA,2001,homicide_count,19033.0,count,https://data.unodc.org/,UNODC,89fd3cd6504696ae,,unodc_source=NP/UNSDC/CTS/GSH 2019 Revision
USA,2001,homicide_rate_per_100k,6.69516821550341,per_100k,https://data.unodc.org/,UNODC,910116cad8d40d82,,unodc_source=NP/UNSDC/CTS/GSH 2019 Revision
USA,2002,homicide_count,16229.0,count,https://data.unodc.org/,UNODC,985116fdd545d833,,unodc_source=NP/UNSDC/CTS/GSH 2019 Revision
USA,2002,homicide_rate_per_100k,5.65304262610104,per_100k,https://data.unodc.org/,UNODC,3cdce78c80e73cc5,,unodc_source=NP/UNSDC/CTS/GSH 2019 Revision
USA,2006,homicide_count,17309.0,count,https://data.unodc.org/,UNODC,a8f071cd3982d036,,unodc_source=NP/UNSDC/CTS/GSH 2019 Revision
USA,2006,homicide_rate_per_100k,5.79419136382991,per_100k,https://data.unodc.org/,UNODC,033026948ca9eef4,,unodc_source=NP/UNSDC/CTS/GSH 2019 Revision
USA,2007,homicide_count,17128.0,count,https://data.unodc.org/,UNODC,013c9e49eb19325c,,unodc_source=NP/UNSDC/CTS/GSH 2019 Revision
USA,2007,homicide_rate_per_100k,5.67445011466685,per_100k,https://data.unodc.org/,UNODC,a1fa16488276e38c,,unodc_source=NP/UNSDC/CTS/GSH 2019 Revision
USA,2008,homicide_count,16465.0,count,https://data.unodc.org/,UNODC,bcb9a961834698d9,,unodc_source=NP/UNSDC/CTS/GSH 2019 Revision
USA,2008,homicide_rate_per_100k,5.39888580801544,per_100k,https://data.unodc.org/,UNODC,c202efc58d1b4472,,unodc_source=NP/UNSDC/CTS/GSH 2019 Revision
USA,2009,homicide_count,15399.0,count,https://data.unodc.org/,UNODC,2a7bb7a88fbe774c,,unodc_source=NP/UNSDC/CTS/GSH 2019 Revision
USA,2009,homicide_rate_per_100k,4.9992946235203,per_100k,https://data.unodc.org/,UNODC,b804f9ac1e69d128,,unodc_source=NP/UNSDC/CTS/GSH 2019 Revision
USA,2010,homicide_count,14722.0,count,https://data.unodc.org/,UNODC,e14b372345a02c1c,,unodc_source=NP/UNSDC/CTS/GSH 2019 Revision
USA,2010,homicide_rate_per_100k,4.73280651793807,per_100k,https://data.unodc.org/,UNODC,931abe584ba5c8e1,,unodc_source=NP/UNSDC/CTS/GSH 2019 Revision
USA,2011,homicide_count,14661.0,count,https://data.unodc.org/,UNODC,41570c67217d6858,,unodc_source=NP/UNSDC/CTS/GSH 2019 Revision
USA,2011,homicide_rate_per_100k,4.66754631709583,per_100k,https://data.unodc.org/,UNODC,b5abc8232360b718,,unodc_source=NP/UNSDC/CTS/GSH 2019 Revision
USA,2012,homicide_count,14856.0,count,https://data.unodc.org/,UNODC,e5603f3233c99c09,,unodc_source=NP/UNSDC/CTS/GSH 2019 Revision
USA,2012,homicide_rate_per_100k,4.68473058437162,per_100k,https://data.unodc.org/,UNODC,46fa60822aa20edf,,unodc_source=NP/UNSDC/CTS/GSH 2019 Revision
USA,2013,homicide_count,14319.0,count,https://data.unodc.org/,UNODC,ac7e90ba14206f40,,unodc_source=NP/UNSDC/CTS/GSH 2019 Revision
USA,2013,homicide_rate_per_100k,4.47313924865612,per_100k,https://data.unodc.org/,UNODC,106caa90ba3f292e,,unodc_source=NP/UNSDC/CTS/GSH 2019 Revision
USA,2014,homicide_count,14164.0,count,https://data.unodc.org/,UNODC,e92c59fc5411d572,,unodc_source=NP/UNSDC/CTS/GSH 2019 Revision
USA,2014,homicide_rate_per_100k,4.38357348743573,per_100k,https://data.unodc.org/,UNODC,8e65065445e36250,,unodc_source=NP/UNSDC/CTS/GSH 2019 Revision
USA,2015,homicide_count,15883.0,count,https://data.unodc.org/,UNODC,668ad2d6011ca3eb,,unodc_source=NP/UNSDC/CTS/GSH 2019 Revision
USA,2015,homicide_rate_per_100k,4.87019612648983,per_100k,https://data.unodc.org/,UNODC,a5bcb052d6e21dca,,unodc_source=NP/UNSDC/CTS/GSH 2019 Revision
USA,2016,homicide_count,17413.0,count,https://data.unodc.org/,UNODC,8dea39bba505f862,,unodc_source=NP/UNSDC/CTS/GSH 2019 Revision
USA,2016,homicide_rate_per_100k,5.28982026159524,per_100k,https://data.unodc.org/,UNODC,5ebed6bf5d6be557,,unodc_source=NP/UNSDC/CTS/GSH 2019 Revision
USA,2017,homicide_count,17294.0,count,https://data.unodc.org/,UNODC,db39d381d6fd4c9b,,unodc_source=NP/UNSDC/CTS/GSH 2019 Revision
USA,2017,homicide_rate_per_100k,5.20582704229048,per_100k,https://data.unodc.org/,UNODC,366896eab1b6ff9a,,unodc_source=NP/UNSDC/CTS/GSH 2019 Revision
USA,2018,homicide_count,16374.0,count,https://data.unodc.org/,UNODC,9003b33e91980108,,unodc_source=NP/UNSDC/CTS/GSH 2019 Revision
USA,2018,homicide_rate_per_100k,4.88693701574911,per_100k,https://data.unodc.org/,UNODC,b3990ccd0e4f5218,,unodc_source=NP/UNSDC/CTS/GSH 2019 Revision
USA,2019,homicide_count,16669.0,count,https://data.unodc.org/,UNODC,bb4f7f388ce8fe74,,unodc_source=NP/UNSDC/CTS/GSH 2019 Revision
USA,2019,homicide_rate_per_100k,4.93472178525416,per_100k,https://data.unodc.org/,UNODC,f48741651cab49f7,,unodc_source=NP/UNSDC/CTS/GSH 2019 Revision
USA,2020,homicide_count,21570.0,count,https://data.unodc.org/,UNODC,897e2702082ac3d0,,unodc_source=NP/UNSDC/CTS/GSH 2019 Revision
USA,2020,homicide_rate_per_100k,6.35465593745812,per_100k,https://data.unodc.org/,UNODC,3cc835b73350d980,,unodc_source=NP/UNSDC/CTS/GSH 2019 Revision
USA,2021,homicide_count,23062.0,count,https://data.unodc.org/,UNODC,093153f626d1ca6f,,unodc_source=NP/UNSDC/CTS/GSH 2019 Revision
USA,2021,homicide_rate_per_100k,6.77972198500888,per_100k,https://data.unodc.org/,UNODC,b69e40cfdf6c0022,,unodc_source=NP/UNSDC/CTS/GSH 2019 Revision
USA,2022,homicide_count,22243.0,count,https://data.unodc.org/,UNODC,1001d04d00bae6c7,,unodc_source=NP/UNSDC/CTS/GSH 2019 Revision
USA,2022,homicide_rate_per_100k,6.51267429794199,per_100k,https://data.unodc.org/,UNODC,cbb7aad2899295f5,,unodc_source=NP/UNSDC/CTS/GSH 2019 Revision
USA,2023,homicide_count,19796.0,count,https://data.unodc.org/,UNODC,94a4527d768a27f8,,unodc_source=NP/UNSDC/CTS/GSH 2019 Revision
USA,2023,homicide_rate_per_100k,5.76340794073065,per_100k,https://data.unodc.org/,UNODC,fdfd7d5b1240577c,,unodc_source=NP/UNSDC/CTS/GSH 2019 Revision
